义务捐赠,小苗,2222-2-22
义务捐赠,小苗,2222-2-22
义务捐赠,小苗,2222-2-22
义务捐赠,小苗,2222-2-22
义务捐赠,小苗,2222-2-22
义务捐赠,小苗,2222-2-22
义务捐赠,小苗,2222-2-22
义务捐赠,小苗,2222-2-22
义务捐赠,小苗,2222-2-22
义务捐赠,小苗,2222-2-22
义务捐赠,小苗,2222-2-22
义务捐赠,小苗,2222-2-22
义务捐赠,小苗,2222-2-22
义务捐赠,小苗,2222-2-22
义务捐赠,小苗,2222-2-22
义务捐赠,小苗,2222-2-22
义务捐赠,小苗,2222-2-22
义务捐赠,小苗,2222-2-22
义务捐赠,小苗,2222-2-22
义务捐赠,小苗,2222-2-22
义务捐赠,小苗,2222-2-22
义务捐赠,小苗,2222-2-22
义务捐赠,小苗,2222-2-22
义务捐赠,小苗,2222-2-22
义务捐赠,小苗,2222-2-22
义务捐赠,小苗,2222-2-22
义务捐赠,小苗,2222-2-22
义务捐赠,小苗,2222-2-22
义务捐赠,小苗,2222-2-22
义务捐赠,小苗,2222-2-22
义务捐赠,小苗,2222-2-22
义务捐赠,小苗,2222-2-22
义务捐赠,小苗,2222-2-22
义务捐赠,小苗,2222-2-22
义务捐赠,小苗,2222-2-22
义务捐赠,小苗,2222-2-22
义务捐赠,小苗,2222-2-22
义务捐赠,小苗,2222-2-22
义务捐赠,小苗,2222-2-22
义务捐赠,小苗,2222-2-22
义务捐赠,小苗,2222-2-22
义务捐赠,小苗,2222-2-22
义务捐赠,小苗,2222-2-22
义务捐赠,小苗,2222-2-22
义务捐赠,小苗,2222-2-22
义务捐赠,小苗,2222-2-22
义务捐赠,小苗,2222-2-22
义务捐赠,小苗,2222-2-22
义务捐赠,小苗,2222-2-22
义务捐赠,小苗,2222-2-22
义务捐赠,小苗,2222-2-22
义务捐赠,小苗,2222-2-22
义务捐赠,小苗,2222-2-22
义务捐赠,小苗,2222-2-22
义务捐赠,小苗,2222-2-22
义务捐赠,小苗,2222-2-22
义务捐赠,小苗,2222-2-22
义务捐赠,小苗,2222-2-22
义务捐赠,小苗,2222-2-22
义务捐赠,小苗,2222-2-22
义务捐赠,小苗,2222-2-22
义务捐赠,小苗,2222-2-22
义务捐赠,小苗,2222-2-22
义务捐赠,小苗,2222-2-22
义务捐赠,小苗,2222-2-22
义务捐赠,小苗,2222-2-22
义务捐赠,小苗,2222-2-22
义务捐赠,小苗,2222-2-22
义务捐赠,小苗,2222-2-22
义务捐赠,小苗,2222-2-22
义务捐赠,小苗,2222-2-22
义务捐赠,小苗,2222-2-22
义务捐赠,小苗,2222-2-22
义务捐赠,小苗,2222-2-22
义务捐赠,小苗,2222-2-22
义务捐赠,小苗,2222-2-22
义务捐赠,小苗,2222-2-22
义务捐赠,小苗,2222-2-22
义务捐赠,小苗,2222-2-22
义务捐赠,小苗,2222-2-22
义务捐赠,小苗,2222-2-22
义务捐赠,小苗,2222-2-22
义务捐赠,小苗,2222-2-22
义务捐赠,小苗,2222-2-22
义务捐赠,小苗,2222-2-22
义务捐赠,小苗,2222-2-22
义务捐赠,小苗,2222-2-22
义务捐赠,小苗,2222-2-22
义务捐赠,小苗,2222-2-22
义务捐赠,小苗,2222-2-22
义务捐赠,小苗,2222-2-22
义务捐赠,小苗,2222-2-22
义务捐赠,小苗,2222-2-22
义务捐赠,小苗,2222-2-22
义务捐赠,小苗,2222-2-22
义务捐赠,小苗,2222-2-22
义务捐赠,小苗,2222-2-22
义务捐赠,小苗,2222-2-22
义务捐赠,小苗,2222-2-22
义务捐赠,小苗,2222-2-22
义务捐赠,小苗,2222-2-22
义务捐赠,小苗,2222-2-22
义务捐赠,小苗,2222-2-22
义务捐赠,小苗,2222-2-22
义务捐赠,小苗,2222-2-22
义务捐赠,小苗,2222-2-22
义务捐赠,小苗,2222-2-22
义务捐赠,小苗,2222-2-22
义务捐赠,小苗,2222-2-22
义务捐赠,小苗,2222-2-22
义务捐赠,小苗,2222-2-22
义务捐赠,小苗,2222-2-22
义务捐赠,小苗,2222-2-22
义务捐赠,小苗,2222-2-22
义务捐赠,小苗,2222-2-22
义务捐赠,小苗,2222-2-22
义务捐赠,小苗,2222-2-22
义务捐赠,小苗,2222-2-22
义务捐赠,小苗,2222-2-22
义务捐赠,小苗,2222-2-22
义务捐赠,小苗,2222-2-22
义务捐赠,小苗,2222-2-22
义务捐赠,小苗,2222-2-22
义务捐赠,小苗,2222-2-22
义务捐赠,小苗,2222-2-22
义务捐赠,小苗,2222-2-22
义务捐赠,小苗,2222-2-22
义务捐赠,小苗,2222-2-22
义务捐赠,小苗,2222-2-22
义务捐赠,小苗,2222-2-22
义务捐赠,小苗,2222-2-22
义务捐赠,小苗,2222-2-22
义务捐赠,小苗,2222-2-22
义务捐赠,小苗,2222-2-22
义务捐赠,小苗,2222-2-22
义务捐赠,小苗,2222-2-22
义务捐赠,小苗,2222-2-22
义务捐赠,小苗,2222-2-22
义务捐赠,小苗,2222-2-22
义务捐赠,小苗,2222-2-22
义务捐赠,小苗,2222-2-22
义务捐赠,小苗,2222-2-22
义务捐赠,小苗,2222-2-22
义务捐赠,小苗,2222-2-22
义务捐赠,小苗,2222-2-22
义务捐赠,小苗,2222-2-22
义务捐赠,小苗,2222-2-22
义务捐赠,小苗,2222-2-22
义务捐赠,小苗,2222-2-22
义务捐赠,小苗,2222-2-22
义务捐赠,小苗,2222-2-22
义务捐赠,小苗,2222-2-22
义务捐赠,小苗,2222-2-22
义务捐赠,小苗,2222-2-22
义务捐赠,小苗,2222-2-22
义务捐赠,小苗,2222-2-22
义务捐赠,小苗,2222-2-22
义务捐赠,小苗,2222-2-22
义务捐赠,小苗,2222-2-22
义务捐赠,小苗,2222-2-22
义务捐赠,小苗,2222-2-22
义务捐赠,小苗,2222-2-22
义务捐赠,小苗,2222-2-22
义务捐赠,小苗,2222-2-22
义务捐赠,小苗,2222-2-22
义务捐赠,小苗,2222-2-22
义务捐赠,小苗,2222-2-22
义务捐赠,小苗,2222-2-22
义务捐赠,小苗,2222-2-22
义务捐赠,小苗,2222-2-22
义务捐赠,小苗,2222-2-22
义务捐赠,小苗,2222-2-22
义务捐赠,小苗,2222-2-22
义务捐赠,小苗,2222-2-22
义务捐赠,小苗,2222-2-22
义务捐赠,小苗,2222-2-22
义务捐赠,小苗,2222-2-22
义务捐赠,小苗,2222-2-22
义务捐赠,小苗,2222-2-22
义务捐赠,小苗,2222-2-22
义务捐赠,小苗,2222-2-22
义务捐赠,小苗,2222-2-22
义务捐赠,小苗,2222-2-22
义务捐赠,小苗,2222-2-22
义务捐赠,小苗,2222-2-22
义务捐赠,小苗,2222-2-22
义务捐赠,小苗,2222-2-22
义务捐赠,小苗,2222-2-22
义务捐赠,小苗,2222-2-22
义务捐赠,小苗,2222-2-22
义务捐赠,小苗,2222-2-22
义务捐赠,小苗,2222-2-22
义务捐赠,小苗,2222-2-22
义务捐赠,小苗,2222-2-22
义务捐赠,小苗,2222-2-22
义务捐赠,小苗,2222-2-22
义务捐赠,小苗,2222-2-22
义务捐赠,小苗,2222-2-22
义务捐赠,小苗,2222-2-22
义务捐赠,小苗,2222-2-22
义务捐赠,小苗,2222-2-22
义务捐赠,小苗,2222-2-22
义务捐赠,小苗,2222-2-22
义务捐赠,小苗,2222-2-22
义务捐赠,小苗,2222-2-22
义务捐赠,小苗,2222-2-22
义务捐赠,小苗,2222-2-22
义务捐赠,小苗,2222-2-22
义务捐赠,小苗,2222-2-22
义务捐赠,小苗,2222-2-22
义务捐赠,小苗,2222-2-22
义务捐赠,小苗,2222-2-22
义务捐赠,小苗,2222-2-22
义务捐赠,小苗,2222-2-22
义务捐赠,小苗,2222-2-22
义务捐赠,小苗,2222-2-22
义务捐赠,小苗,2222-2-22
义务捐赠,小苗,2222-2-22
义务捐赠,小苗,2222-2-22
义务捐赠,小苗,2222-2-22
义务捐赠,小苗,2222-2-22
义务捐赠,小苗,2222-2-22
义务捐赠,小苗,2222-2-22
义务捐赠,小苗,2222-2-22
义务捐赠,小苗,2222-2-22
义务捐赠,小苗,2222-2-22
义务捐赠,小苗,2222-2-22
义务捐赠,小苗,2222-2-22
义务捐赠,小苗,2222-2-22
义务捐赠,小苗,2222-2-22
义务捐赠,小苗,2222-2-22
义务捐赠,小苗,2222-2-22
义务捐赠,小苗,2222-2-22
义务捐赠,小苗,2222-2-22
义务捐赠,小苗,2222-2-22
义务捐赠,小苗,2222-2-22
义务捐赠,小苗,2222-2-22
义务捐赠,小苗,2222-2-22
义务捐赠,小苗,2222-2-22
义务捐赠,小苗,2222-2-22
义务捐赠,小苗,2222-2-22
义务捐赠,小苗,2222-2-22
义务捐赠,小苗,2222-2-22
义务捐赠,小苗,2222-2-22
义务捐赠,小苗,2222-2-22
义务捐赠,小苗,2222-2-22
义务捐赠,小苗,2222-2-22
义务捐赠,小苗,2222-2-22
义务捐赠,小苗,2222-2-22
义务捐赠,小苗,2222-2-22
义务捐赠,小苗,2222-2-22
义务捐赠,小苗,2222-2-22
义务捐赠,小苗,2222-2-22
义务捐赠,小苗,2222-2-22
义务捐赠,小苗,2222-2-22
义务捐赠,小苗,2222-2-22
义务捐赠,小苗,2222-2-22
义务捐赠,小苗,2222-2-22
义务捐赠,小苗,2222-2-22
义务捐赠,小苗,2222-2-22
义务捐赠,小苗,2222-2-22
义务捐赠,小苗,2222-2-22
义务捐赠,小苗,2222-2-22
义务捐赠,小苗,2222-2-22
义务捐赠,小苗,2222-2-22
义务捐赠,小苗,2222-2-22
义务捐赠,小苗,2222-2-22
义务捐赠,小苗,2222-2-22
义务捐赠,小苗,2222-2-22
义务捐赠,小苗,2222-2-22
义务捐赠,小苗,2222-2-22
义务捐赠,小苗,2222-2-22
义务捐赠,小苗,2222-2-22
义务捐赠,小苗,2222-2-22
义务捐赠,小苗,2222-2-22
义务捐赠,小苗,2222-2-22
义务捐赠,小苗,2222-2-22
义务捐赠,小苗,2222-2-22
义务捐赠,小苗,2222-2-22
义务捐赠,小苗,2222-2-22
义务捐赠,小苗,2222-2-22
义务捐赠,小苗,2222-2-22
义务捐赠,小苗,2222-2-22
义务捐赠,小苗,2222-2-22
义务捐赠,小苗,2222-2-22
义务捐赠,小苗,2222-2-22
义务捐赠,小苗,2222-2-22
义务捐赠,小苗,2222-2-22
义务捐赠,小苗,2222-2-22
义务捐赠,小苗,2222-2-22
义务捐赠,小苗,2222-2-22
义务捐赠,小苗,2222-2-22
义务捐赠,小苗,2222-2-22
义务捐赠,小苗,2222-2-22
义务捐赠,小苗,2222-2-22
义务捐赠,小苗,2222-2-22
义务捐赠,小苗,2222-2-22
义务捐赠,小苗,2222-2-22
义务捐赠,小苗,2222-2-22
义务捐赠,小苗,2222-2-22
义务捐赠,小苗,2222-2-22
义务捐赠,小苗,2222-2-22
义务捐赠,小苗,2222-2-22
义务捐赠,小苗,2222-2-22
义务捐赠,小苗,2222-2-22
义务捐赠,小苗,2222-2-22
义务捐赠,小苗,2222-2-22
义务捐赠,小苗,2222-2-22
义务捐赠,小苗,2222-2-22
义务捐赠,小苗,2222-2-22
义务捐赠,小苗,2222-2-22
义务捐赠,小苗,2222-2-22
义务捐赠,小苗,2222-2-22
义务捐赠,小苗,2222-2-22
义务捐赠,小苗,2222-2-22
义务捐赠,小苗,2222-2-22
义务捐赠,小苗,2222-2-22
义务捐赠,小苗,2222-2-22
义务捐赠,小苗,2222-2-22
义务捐赠,小苗,2222-2-22
义务捐赠,小苗,2222-2-22
义务捐赠,小苗,2222-2-22
义务捐赠,小苗,2222-2-22
义务捐赠,小苗,2222-2-22
义务捐赠,小苗,2222-2-22
义务捐赠,小苗,2222-2-22
义务捐赠,小苗,2222-2-22
义务捐赠,小苗,2222-2-22
义务捐赠,小苗,2222-2-22
义务捐赠,小苗,2222-2-22
义务捐赠,小苗,2222-2-22
义务捐赠,小苗,2222-2-22
义务捐赠,小苗,2222-2-22
义务捐赠,小苗,2222-2-22
义务捐赠,小苗,2222-2-22
义务捐赠,小苗,2222-2-22
义务捐赠,小苗,2222-2-22
义务捐赠,小苗,2222-2-22
义务捐赠,小苗,2222-2-22
义务捐赠,小苗,2222-2-22
义务捐赠,小苗,2222-2-22
义务捐赠,小苗,2222-2-22
义务捐赠,小苗,2222-2-22
义务捐赠,小苗,2222-2-22
义务捐赠,小苗,2222-2-22
义务捐赠,小苗,2222-2-22
义务捐赠,小苗,2222-2-22
义务捐赠,小苗,2222-2-22
义务捐赠,小苗,2222-2-22
义务捐赠,小苗,2222-2-22
义务捐赠,小苗,2222-2-22
义务捐赠,小苗,2222-2-22
义务捐赠,小苗,2222-2-22
义务捐赠,小苗,2222-2-22
义务捐赠,小苗,2222-2-22
义务捐赠,小苗,2222-2-22
义务捐赠,小苗,2222-2-22
义务捐赠,小苗,2222-2-22
义务捐赠,小苗,2222-2-22
义务捐赠,小苗,2222-2-22
义务捐赠,小苗,2222-2-22
义务捐赠,小苗,2222-2-22
义务捐赠,小苗,2222-2-22
义务捐赠,小苗,2222-2-22
义务捐赠,小苗,2222-2-22
义务捐赠,小苗,2222-2-22
义务捐赠,小苗,2222-2-22
义务捐赠,小苗,2222-2-22
义务捐赠,小苗,2222-2-22
义务捐赠,小苗,2222-2-22
义务捐赠,小苗,2222-2-22
义务捐赠,小苗,2222-2-22
义务捐赠,小苗,2222-2-22
义务捐赠,小苗,2222-2-22
义务捐赠,小苗,2222-2-22
义务捐赠,小苗,2222-2-22
义务捐赠,小苗,2222-2-22
义务捐赠,小苗,2222-2-22
义务捐赠,小苗,2222-2-22
义务捐赠,小苗,2222-2-22
义务捐赠,小苗,2222-2-22
义务捐赠,小苗,2222-2-22
义务捐赠,小苗,2222-2-22
义务捐赠,小苗,2222-2-22
义务捐赠,小苗,2222-2-22
义务捐赠,小苗,2222-2-22
义务捐赠,小苗,2222-2-22
义务捐赠,小苗,2222-2-22
义务捐赠,小苗,2222-2-22
义务捐赠,小苗,2222-2-22
义务捐赠,小苗,2222-2-22
义务捐赠,小苗,2222-2-22
义务捐赠,小苗,2222-2-22
义务捐赠,小苗,2222-2-22
义务捐赠,小苗,2222-2-22
义务捐赠,小苗,2222-2-22
义务捐赠,小苗,2222-2-22
义务捐赠,小苗,2222-2-22
义务捐赠,小苗,2222-2-22
义务捐赠,小苗,2222-2-22
义务捐赠,小苗,2222-2-22
义务捐赠,小苗,2222-2-22
义务捐赠,小苗,2222-2-22
义务捐赠,小苗,2222-2-22
义务捐赠,小苗,2222-2-22
义务捐赠,小苗,2222-2-22
义务捐赠,小苗,2222-2-22
义务捐赠,小苗,2222-2-22
义务捐赠,小苗,2222-2-22
义务捐赠,小苗,2222-2-22
义务捐赠,小苗,2222-2-22
义务捐赠,小苗,2222-2-22
义务捐赠,小苗,2222-2-22
义务捐赠,小苗,2222-2-22
义务捐赠,小苗,2222-2-22
义务捐赠,小苗,2222-2-22
义务捐赠,小苗,2222-2-22
义务捐赠,小苗,2222-2-22
义务捐赠,小苗,2222-2-22
义务捐赠,小苗,2222-2-22
义务捐赠,小苗,2222-2-22
义务捐赠,小苗,2222-2-22
义务捐赠,小苗,2222-2-22
义务捐赠,小苗,2222-2-22
义务捐赠,小苗,2222-2-22
义务捐赠,小苗,2222-2-22
义务捐赠,小苗,2222-2-22
义务捐赠,小苗,2222-2-22
义务捐赠,小苗,2222-2-22
义务捐赠,小苗,2222-2-22
义务捐赠,小苗,2222-2-22
义务捐赠,小苗,2222-2-22
义务捐赠,小苗,2222-2-22
义务捐赠,小苗,2222-2-22
义务捐赠,小苗,2222-2-22
义务捐赠,小苗,2222-2-22
义务捐赠,小苗,2222-2-22
义务捐赠,小苗,2222-2-22
义务捐赠,小苗,2222-2-22
义务捐赠,小苗,2222-2-22
义务捐赠,小苗,2222-2-22
义务捐赠,小苗,2222-2-22
义务捐赠,小苗,2222-2-22
义务捐赠,小苗,2222-2-22
义务捐赠,小苗,2222-2-22
义务捐赠,小苗,2222-2-22
义务捐赠,小苗,2222-2-22
义务捐赠,小苗,2222-2-22
义务捐赠,小苗,2222-2-22
义务捐赠,小苗,2222-2-22
义务捐赠,小苗,2222-2-22
义务捐赠,小苗,2222-2-22
义务捐赠,小苗,2222-2-22
义务捐赠,小苗,2222-2-22
义务捐赠,小苗,2222-2-22
义务捐赠,小苗,2222-2-22
义务捐赠,小苗,2222-2-22
义务捐赠,小苗,2222-2-22
义务捐赠,小苗,2222-2-22
义务捐赠,小苗,2222-2-22
义务捐赠,小苗,2222-2-22
义务捐赠,小苗,2222-2-22
义务捐赠,小苗,2222-2-22
义务捐赠,小苗,2222-2-22
义务捐赠,小苗,2222-2-22
义务捐赠,小苗,2222-2-22
义务捐赠,小苗,2222-2-22
义务捐赠,小苗,2222-2-22
义务捐赠,小苗,2222-2-22
义务捐赠,小苗,2222-2-22
义务捐赠,小苗,2222-2-22
义务捐赠,小苗,2222-2-22
义务捐赠,小苗,2222-2-22
义务捐赠,小苗,2222-2-22
义务捐赠,小苗,2222-2-22
义务捐赠,小苗,2222-2-22
义务捐赠,小苗,2222-2-22
义务捐赠,小苗,2222-2-22
义务捐赠,小苗,2222-2-22
义务捐赠,小苗,2222-2-22
义务捐赠,小苗,2222-2-22
义务捐赠,小苗,2222-2-22
义务捐赠,小苗,2222-2-22
义务捐赠,小苗,2222-2-22
义务捐赠,小苗,2222-2-22
义务捐赠,小苗,2222-2-22
义务捐赠,小苗,2222-2-22
义务捐赠,小苗,2222-2-22
义务捐赠,小苗,2222-2-22
义务捐赠,小苗,2222-2-22
义务捐赠,小苗,2222-2-22
义务捐赠,小苗,2222-2-22
义务捐赠,小苗,2222-2-22
义务捐赠,小苗,2222-2-22
义务捐赠,小苗,2222-2-22
义务捐赠,小苗,2222-2-22
义务捐赠,小苗,2222-2-22
义务捐赠,小苗,2222-2-22
义务捐赠,小苗,2222-2-22
义务捐赠,小苗,2222-2-22
义务捐赠,小苗,2222-2-22
义务捐赠,小苗,2222-2-22
义务捐赠,小苗,2222-2-22
义务捐赠,小苗,2222-2-22
义务捐赠,小苗,2222-2-22
义务捐赠,小苗,2222-2-22
义务捐赠,小苗,2222-2-22
义务捐赠,小苗,2222-2-22
义务捐赠,小苗,2222-2-22
义务捐赠,小苗,2222-2-22
义务捐赠,小苗,2222-2-22
义务捐赠,小苗,2222-2-22
义务捐赠,小苗,2222-2-22
义务捐赠,小苗,2222-2-22
义务捐赠,小苗,2222-2-22
义务捐赠,小苗,2222-2-22
义务捐赠,小苗,2222-2-22
义务捐赠,小苗,2222-2-22
义务捐赠,小苗,2222-2-22
义务捐赠,小苗,2222-2-22
义务捐赠,小苗,2222-2-22
义务捐赠,小苗,2222-2-22
义务捐赠,小苗,2222-2-22
义务捐赠,小苗,2222-2-22
义务捐赠,小苗,2222-2-22
义务捐赠,小苗,2222-2-22
义务捐赠,小苗,2222-2-22
义务捐赠,小苗,2222-2-22
义务捐赠,小苗,2222-2-22
义务捐赠,小苗,2222-2-22
义务捐赠,小苗,2222-2-22
义务捐赠,小苗,2222-2-22
义务捐赠,小苗,2222-2-22
义务捐赠,小苗,2222-2-22
义务捐赠,小苗,2222-2-22
义务捐赠,小苗,2222-2-22
义务捐赠,小苗,2222-2-22
义务捐赠,小苗,2222-2-22
义务捐赠,小苗,2222-2-22
义务捐赠,小苗,2222-2-22
义务捐赠,小苗,2222-2-22
义务捐赠,小苗,2222-2-22
义务捐赠,小苗,2222-2-22
义务捐赠,小苗,2222-2-22
义务捐赠,小苗,2222-2-22
义务捐赠,小苗,2222-2-22
义务捐赠,小苗,2222-2-22
义务捐赠,小苗,2222-2-22
义务捐赠,小苗,2222-2-22
义务捐赠,小苗,2222-2-22
义务捐赠,小苗,2222-2-22
义务捐赠,小苗,2222-2-22
义务捐赠,小苗,2222-2-22
义务捐赠,小苗,2222-2-22
义务捐赠,小苗,2222-2-22
义务捐赠,小苗,2222-2-22
义务捐赠,小苗,2222-2-22
义务捐赠,小苗,2222-2-22
义务捐赠,小苗,2222-2-22
义务捐赠,小苗,2222-2-22
义务捐赠,小苗,2222-2-22
义务捐赠,小苗,2222-2-22
义务捐赠,小苗,2222-2-22
义务捐赠,小苗,2222-2-22
义务捐赠,小苗,2222-2-22
义务捐赠,小苗,2222-2-22
义务捐赠,小苗,2222-2-22
义务捐赠,小苗,2222-2-22
义务捐赠,小苗,2222-2-22
义务捐赠,小苗,2222-2-22
义务捐赠,小苗,2222-2-22
义务捐赠,小苗,2222-2-22
义务捐赠,小苗,2222-2-22
义务捐赠,小苗,2222-2-22
义务捐赠,小苗,2222-2-22
义务捐赠,小苗,2222-2-22
义务捐赠,小苗,2222-2-22
义务捐赠,小苗,2222-2-22
义务捐赠,小苗,2222-2-22
义务捐赠,小苗,2222-2-22
义务捐赠,小苗,2222-2-22
义务捐赠,小苗,2222-2-22
义务捐赠,小苗,2222-2-22
义务捐赠,小苗,2222-2-22
义务捐赠,小苗,2222-2-22
义务捐赠,小苗,2222-2-22
义务捐赠,小苗,2222-2-22
义务捐赠,小苗,2222-2-22
义务捐赠,小苗,2222-2-22
义务捐赠,小苗,2222-2-22
义务捐赠,小苗,2222-2-22
义务捐赠,小苗,2222-2-22
义务捐赠,小苗,2222-2-22
义务捐赠,小苗,2222-2-22
义务捐赠,小苗,2222-2-22
义务捐赠,小苗,2222-2-22
义务捐赠,小苗,2222-2-22
义务捐赠,小苗,2222-2-22
义务捐赠,小苗,2222-2-22
义务捐赠,小苗,2222-2-22
义务捐赠,小苗,2222-2-22
义务捐赠,小苗,2222-2-22
义务捐赠,小苗,2222-2-22
义务捐赠,小苗,2222-2-22
义务捐赠,小苗,2222-2-22
义务捐赠,小苗,2222-2-22
义务捐赠,小苗,2222-2-22
义务捐赠,小苗,2222-2-22
义务捐赠,小苗,2222-2-22
义务捐赠,小苗,2222-2-22
义务捐赠,小苗,2222-2-22
义务捐赠,小苗,2222-2-22
义务捐赠,小苗,2222-2-22
义务捐赠,小苗,2222-2-22
义务捐赠,小苗,2222-2-22
义务捐赠,小苗,2222-2-22
义务捐赠,小苗,2222-2-22
义务捐赠,小苗,2222-2-22
义务捐赠,小苗,2222-2-22
义务捐赠,小苗,2222-2-22
义务捐赠,小苗,2222-2-22
义务捐赠,小苗,2222-2-22
义务捐赠,小苗,2222-2-22
义务捐赠,小苗,2222-2-22
义务捐赠,小苗,2222-2-22
义务捐赠,小苗,2222-2-22
义务捐赠,小苗,2222-2-22
义务捐赠,小苗,2222-2-22
义务捐赠,小苗,2222-2-22
义务捐赠,小苗,2222-2-22
义务捐赠,小苗,2222-2-22
义务捐赠,小苗,2222-2-22
义务捐赠,小苗,2222-2-22
义务捐赠,小苗,2222-2-22
义务捐赠,小苗,2222-2-22
义务捐赠,小苗,2222-2-22
义务捐赠,小苗,2222-2-22
义务捐赠,小苗,2222-2-22
义务捐赠,小苗,2222-2-22
义务捐赠,小苗,2222-2-22
义务捐赠,小苗,2222-2-22
义务捐赠,小苗,2222-2-22
义务捐赠,小苗,2222-2-22
义务捐赠,小苗,2222-2-22
义务捐赠,小苗,2222-2-22
义务捐赠,小苗,2222-2-22
义务捐赠,小苗,2222-2-22
义务捐赠,小苗,2222-2-22
义务捐赠,小苗,2222-2-22
义务捐赠,小苗,2222-2-22
义务捐赠,小苗,2222-2-22
义务捐赠,小苗,2222-2-22
义务捐赠,小苗,2222-2-22
义务捐赠,小苗,2222-2-22
义务捐赠,小苗,2222-2-22
义务捐赠,小苗,2222-2-22
义务捐赠,小苗,2222-2-22
义务捐赠,小苗,2222-2-22
义务捐赠,小苗,2222-2-22
义务捐赠,小苗,2222-2-22
义务捐赠,小苗,2222-2-22
义务捐赠,小苗,2222-2-22
义务捐赠,小苗,2222-2-22
义务捐赠,小苗,2222-2-22
义务捐赠,小苗,2222-2-22
义务捐赠,小苗,2222-2-22
义务捐赠,小苗,2222-2-22
义务捐赠,小苗,2222-2-22
义务捐赠,小苗,2222-2-22
义务捐赠,小苗,2222-2-22
义务捐赠,小苗,2222-2-22
义务捐赠,小苗,2222-2-22
义务捐赠,小苗,2222-2-22
义务捐赠,小苗,2222-2-22
义务捐赠,小苗,2222-2-22
义务捐赠,小苗,2222-2-22
义务捐赠,小苗,2222-2-22
义务捐赠,小苗,2222-2-22
义务捐赠,小苗,2222-2-22
义务捐赠,小苗,2222-2-22
义务捐赠,小苗,2222-2-22
义务捐赠,小苗,2222-2-22
义务捐赠,小苗,2222-2-22
义务捐赠,小苗,2222-2-22
义务捐赠,小苗,2222-2-22
义务捐赠,小苗,2222-2-22
义务捐赠,小苗,2222-2-22
义务捐赠,小苗,2222-2-22
义务捐赠,小苗,2222-2-22
义务捐赠,小苗,2222-2-22
义务捐赠,小苗,2222-2-22
义务捐赠,小苗,2222-2-22
义务捐赠,小苗,2222-2-22
义务捐赠,小苗,2222-2-22
义务捐赠,小苗,2222-2-22
义务捐赠,小苗,2222-2-22
义务捐赠,小苗,2222-2-22
义务捐赠,小苗,2222-2-22
义务捐赠,小苗,2222-2-22
义务捐赠,小苗,2222-2-22
义务捐赠,小苗,2222-2-22
义务捐赠,小苗,2222-2-22
义务捐赠,小苗,2222-2-22
义务捐赠,小苗,2222-2-22
义务捐赠,小苗,2222-2-22
义务捐赠,小苗,2222-2-22
义务捐赠,小苗,2222-2-22
义务捐赠,小苗,2222-2-22
义务捐赠,小苗,2222-2-22
义务捐赠,小苗,2222-2-22
义务捐赠,小苗,2222-2-22
义务捐赠,小苗,2222-2-22
义务捐赠,小苗,2222-2-22
义务捐赠,小苗,2222-2-22
义务捐赠,小苗,2222-2-22
义务捐赠,小苗,2222-2-22
义务捐赠,小苗,2222-2-22
义务捐赠,小苗,2222-2-22
义务捐赠,小苗,2222-2-22
义务捐赠,小苗,2222-2-22
义务捐赠,小苗,2222-2-22
义务捐赠,小苗,2222-2-22
义务捐赠,小苗,2222-2-22
义务捐赠,小苗,2222-2-22
义务捐赠,小苗,2222-2-22
义务捐赠,小苗,2222-2-22
义务捐赠,小苗,2222-2-22
义务捐赠,小苗,2222-2-22
义务捐赠,小苗,2222-2-22
义务捐赠,小苗,2222-2-22
义务捐赠,小苗,2222-2-22
义务捐赠,小苗,2222-2-22
义务捐赠,小苗,2222-2-22
义务捐赠,小苗,2222-2-22
义务捐赠,小苗,2222-2-22
义务捐赠,小苗,2222-2-22
义务捐赠,小苗,2222-2-22
义务捐赠,小苗,2222-2-22
义务捐赠,小苗,2222-2-22
义务捐赠,小苗,2222-2-22
义务捐赠,小苗,2222-2-22
义务捐赠,小苗,2222-2-22
义务捐赠,小苗,2222-2-22
义务捐赠,小苗,2222-2-22
义务捐赠,小苗,2222-2-22
义务捐赠,小苗,2222-2-22
义务捐赠,小苗,2222-2-22
义务捐赠,小苗,2222-2-22
义务捐赠,小苗,2222-2-22
义务捐赠,小苗,2222-2-22
义务捐赠,小苗,2222-2-22
义务捐赠,小苗,2222-2-22
义务捐赠,小苗,2222-2-22
义务捐赠,小苗,2222-2-22
义务捐赠,小苗,2222-2-22
义务捐赠,小苗,2222-2-22
义务捐赠,小苗,2222-2-22
义务捐赠,小苗,2222-2-22
义务捐赠,小苗,2222-2-22
义务捐赠,小苗,2222-2-22
义务捐赠,小苗,2222-2-22
义务捐赠,小苗,2222-2-22
义务捐赠,小苗,2222-2-22
义务捐赠,小苗,2222-2-22
义务捐赠,小苗,2222-2-22
义务捐赠,小苗,2222-2-22
义务捐赠,小苗,2222-2-22
义务捐赠,小苗,2222-2-22
义务捐赠,小苗,2222-2-22
义务捐赠,小苗,2222-2-22
义务捐赠,小苗,2222-2-22
义务捐赠,小苗,2222-2-22
义务捐赠,小苗,2222-2-22
义务捐赠,小苗,2222-2-22
义务捐赠,小苗,2222-2-22
义务捐赠,小苗,2222-2-22
义务捐赠,小苗,2222-2-22
义务捐赠,小苗,2222-2-22
义务捐赠,小苗,2222-2-22
义务捐赠,小苗,2222-2-22
义务捐赠,小苗,2222-2-22
义务捐赠,小苗,2222-2-22
义务捐赠,小苗,2222-2-22
义务捐赠,小苗,2222-2-22
义务捐赠,小苗,2222-2-22
义务捐赠,小苗,2222-2-22
义务捐赠,小苗,2222-2-22
义务捐赠,小苗,2222-2-22
义务捐赠,小苗,2222-2-22
义务捐赠,小苗,2222-2-22
义务捐赠,小苗,2222-2-22
义务捐赠,小苗,2222-2-22
义务捐赠,小苗,2222-2-22
义务捐赠,小苗,2222-2-22
义务捐赠,小苗,2222-2-22
义务捐赠,小苗,2222-2-22
义务捐赠,小苗,2222-2-22
义务捐赠,小苗,2222-2-22
义务捐赠,小苗,2222-2-22
义务捐赠,小苗,2222-2-22
义务捐赠,小苗,2222-2-22
义务捐赠,小苗,2222-2-22
义务捐赠,小苗,2222-2-22
义务捐赠,小苗,2222-2-22
义务捐赠,小苗,2222-2-22
义务捐赠,小苗,2222-2-22
义务捐赠,小苗,2222-2-22
义务捐赠,小苗,2222-2-22
义务捐赠,小苗,2222-2-22
义务捐赠,小苗,2222-2-22
义务捐赠,小苗,2222-2-22
义务捐赠,小苗,2222-2-22
义务捐赠,小苗,2222-2-22
义务捐赠,小苗,2222-2-22
义务捐赠,小苗,2222-2-22
义务捐赠,小苗,2222-2-22
义务捐赠,小苗,2222-2-22
义务捐赠,小苗,2222-2-22
义务捐赠,小苗,2222-2-22
义务捐赠,小苗,2222-2-22
义务捐赠,小苗,2222-2-22
义务捐赠,小苗,2222-2-22
义务捐赠,小苗,2222-2-22
义务捐赠,小苗,2222-2-22
义务捐赠,小苗,2222-2-22
义务捐赠,小苗,2222-2-22
义务捐赠,小苗,2222-2-22
义务捐赠,小苗,2222-2-22
义务捐赠,小苗,2222-2-22
义务捐赠,小苗,2222-2-22
义务捐赠,小苗,2222-2-22
义务捐赠,小苗,2222-2-22
义务捐赠,小苗,2222-2-22
义务捐赠,小苗,2222-2-22
义务捐赠,小苗,2222-2-22
义务捐赠,小苗,2222-2-22
义务捐赠,小苗,2222-2-22
义务捐赠,小苗,2222-2-22
义务捐赠,小苗,2222-2-22
义务捐赠,小苗,2222-2-22
义务捐赠,小苗,2222-2-22
义务捐赠,小苗,2222-2-22
义务捐赠,小苗,2222-2-22
义务捐赠,小苗,2222-2-22
义务捐赠,小苗,2222-2-22
义务捐赠,小苗,2222-2-22
义务捐赠,小苗,2222-2-22
义务捐赠,小苗,2222-2-22
义务捐赠,小苗,2222-2-22
义务捐赠,小苗,2222-2-22
义务捐赠,小苗,2222-2-22
义务捐赠,小苗,2222-2-22
义务捐赠,小苗,2222-2-22
义务捐赠,小苗,2222-2-22
义务捐赠,小苗,2222-2-22
义务捐赠,小苗,2222-2-22
义务捐赠,小苗,2222-2-22
义务捐赠,小苗,2222-2-22
义务捐赠,小苗,2222-2-22
义务捐赠,小苗,2222-2-22
义务捐赠,小苗,2222-2-22
义务捐赠,小苗,2222-2-22
义务捐赠,小苗,2222-2-22
义务捐赠,小苗,2222-2-22
义务捐赠,小苗,2222-2-22
义务捐赠,小苗,2222-2-22
义务捐赠,小苗,2222-2-22
义务捐赠,小苗,2222-2-22
义务捐赠,小苗,2222-2-22
义务捐赠,小苗,2222-2-22
义务捐赠,小苗,2222-2-22
义务捐赠,小苗,2222-2-22
义务捐赠,小苗,2222-2-22
义务捐赠,小苗,2222-2-22
义务捐赠,小苗,2222-2-22
义务捐赠,小苗,2222-2-22
义务捐赠,小苗,2222-2-22
义务捐赠,小苗,2222-2-22
义务捐赠,小苗,2222-2-22
义务捐赠,小苗,2222-2-22
义务捐赠,小苗,2222-2-22
义务捐赠,小苗,2222-2-22
义务捐赠,小苗,2222-2-22
义务捐赠,小苗,2222-2-22
义务捐赠,小苗,2222-2-22
义务捐赠,小苗,2222-2-22
义务捐赠,小苗,2222-2-22
义务捐赠,小苗,2222-2-22
义务捐赠,小苗,2222-2-22
义务捐赠,小苗,2222-2-22
义务捐赠,小苗,2222-2-22
义务捐赠,小苗,2222-2-22
义务捐赠,小苗,2222-2-22
义务捐赠,小苗,2222-2-22
义务捐赠,小苗,2222-2-22
义务捐赠,小苗,2222-2-22
义务捐赠,小苗,2222-2-22
义务捐赠,小苗,2222-2-22
义务捐赠,小苗,2222-2-22
义务捐赠,小苗,2222-2-22
义务捐赠,小苗,2222-2-22
义务捐赠,小苗,2222-2-22
义务捐赠,小苗,2222-2-22
义务捐赠,小苗,2222-2-22
义务捐赠,小苗,2222-2-22
义务捐赠,小苗,2222-2-22
义务捐赠,小苗,2222-2-22
义务捐赠,小苗,2222-2-22
义务捐赠,小苗,2222-2-22
义务捐赠,小苗,2222-2-22
义务捐赠,小苗,2222-2-22
义务捐赠,小苗,2222-2-22
义务捐赠,小苗,2222-2-22
义务捐赠,小苗,2222-2-22
义务捐赠,小苗,2222-2-22
义务捐赠,小苗,2222-2-22
义务捐赠,小苗,2222-2-22
义务捐赠,小苗,2222-2-22
义务捐赠,小苗,2222-2-22
义务捐赠,小苗,2222-2-22
义务捐赠,小苗,2222-2-22
义务捐赠,小苗,2222-2-22
义务捐赠,小苗,2222-2-22
义务捐赠,小苗,2222-2-22
义务捐赠,小苗,2222-2-22
义务捐赠,小苗,2222-2-22
义务捐赠,小苗,2222-2-22
义务捐赠,小苗,2222-2-22
义务捐赠,小苗,2222-2-22
义务捐赠,小苗,2222-2-22
义务捐赠,小苗,2222-2-22
义务捐赠,小苗,2222-2-22
义务捐赠,小苗,2222-2-22
义务捐赠,小苗,2222-2-22
义务捐赠,小苗,2222-2-22
义务捐赠,小苗,2222-2-22
义务捐赠,小苗,2222-2-22
义务捐赠,小苗,2222-2-22
义务捐赠,小苗,2222-2-22
义务捐赠,小苗,2222-2-22
义务捐赠,小苗,2222-2-22
义务捐赠,小苗,2222-2-22
义务捐赠,小苗,2222-2-22
义务捐赠,小苗,2222-2-22
义务捐赠,小苗,2222-2-22
义务捐赠,小苗,2222-2-22
义务捐赠,小苗,2222-2-22
义务捐赠,小苗,2222-2-22
义务捐赠,小苗,2222-2-22
义务捐赠,小苗,2222-2-22
义务捐赠,小苗,2222-2-22
义务捐赠,小苗,2222-2-22
义务捐赠,小苗,2222-2-22
义务捐赠,小苗,2222-2-22
义务捐赠,小苗,2222-2-22
义务捐赠,小苗,2222-2-22
义务捐赠,小苗,2222-2-22
义务捐赠,小苗,2222-2-22
义务捐赠,小苗,2222-2-22
义务捐赠,小苗,2222-2-22
义务捐赠,小苗,2222-2-22
义务捐赠,小苗,2222-2-22
义务捐赠,小苗,2222-2-22
义务捐赠,小苗,2222-2-22
义务捐赠,小苗,2222-2-22
义务捐赠,小苗,2222-2-22
义务捐赠,小苗,2222-2-22
义务捐赠,小苗,2222-2-22
义务捐赠,小苗,2222-2-22
义务捐赠,小苗,2222-2-22
义务捐赠,小苗,2222-2-22
义务捐赠,小苗,2222-2-22
义务捐赠,小苗,2222-2-22
义务捐赠,小苗,2222-2-22
义务捐赠,小苗,2222-2-22
义务捐赠,小苗,2222-2-22
义务捐赠,小苗,2222-2-22
义务捐赠,小苗,2222-2-22
义务捐赠,小苗,2222-2-22
义务捐赠,小苗,2222-2-22
义务捐赠,小苗,2222-2-22
义务捐赠,小苗,2222-2-22
义务捐赠,小苗,2222-2-22
义务捐赠,小苗,2222-2-22
义务捐赠,小苗,2222-2-22
义务捐赠,小苗,2222-2-22
义务捐赠,小苗,2222-2-22
义务捐赠,小苗,2222-2-22
义务捐赠,小苗,2222-2-22
义务捐赠,小苗,2222-2-22
义务捐赠,小苗,2222-2-22
义务捐赠,小苗,2222-2-22
义务捐赠,小苗,2222-2-22
义务捐赠,小苗,2222-2-22
义务捐赠,小苗,2222-2-22
义务捐赠,小苗,2222-2-22
义务捐赠,小苗,2222-2-22
义务捐赠,小苗,2222-2-22
义务捐赠,小苗,2222-2-22
义务捐赠,小苗,2222-2-22