义务捐赠,小树,2222-2-22
义务捐赠,小树,2222-2-22
义务捐赠,小树,2222-2-22
义务捐赠,小树,2222-2-22
义务捐赠,小树,2222-2-22
义务捐赠,小树,2222-2-22
义务捐赠,小树,2222-2-22
义务捐赠,小树,2222-2-22
义务捐赠,小树,2222-2-22
义务捐赠,小树,2222-2-22
义务捐赠,小树,2222-2-22
义务捐赠,小树,2222-2-22
义务捐赠,小树,2222-2-22
义务捐赠,小树,2222-2-22
义务捐赠,小树,2222-2-22
义务捐赠,小树,2222-2-22
义务捐赠,小树,2222-2-22
义务捐赠,小树,2222-2-22
义务捐赠,小树,2222-2-22
义务捐赠,小树,2222-2-22
义务捐赠,小树,2222-2-22
义务捐赠,小树,2222-2-22
义务捐赠,小树,2222-2-22
义务捐赠,小树,2222-2-22
义务捐赠,小树,2222-2-22
义务捐赠,小树,2222-2-22
义务捐赠,小树,2222-2-22
义务捐赠,小树,2222-2-22
义务捐赠,小树,2222-2-22
义务捐赠,小树,2222-2-22
义务捐赠,小树,2222-2-22
义务捐赠,小树,2222-2-22
义务捐赠,小树,2222-2-22
义务捐赠,小树,2222-2-22
义务捐赠,小树,2222-2-22
义务捐赠,小树,2222-2-22
义务捐赠,小树,2222-2-22
义务捐赠,小树,2222-2-22
义务捐赠,小树,2222-2-22
义务捐赠,小树,2222-2-22
义务捐赠,小树,2222-2-22
义务捐赠,小树,2222-2-22
义务捐赠,小树,2222-2-22
义务捐赠,小树,2222-2-22
义务捐赠,小树,2222-2-22
义务捐赠,小树,2222-2-22
义务捐赠,小树,2222-2-22
义务捐赠,小树,2222-2-22
义务捐赠,小树,2222-2-22
义务捐赠,小树,2222-2-22
义务捐赠,小树,2222-2-22
义务捐赠,小树,2222-2-22
义务捐赠,小树,2222-2-22
义务捐赠,小树,2222-2-22
义务捐赠,小树,2222-2-22
义务捐赠,小树,2222-2-22
义务捐赠,小树,2222-2-22
义务捐赠,小树,2222-2-22
义务捐赠,小树,2222-2-22
义务捐赠,小树,2222-2-22
义务捐赠,小树,2222-2-22
义务捐赠,小树,2222-2-22
义务捐赠,小树,2222-2-22
义务捐赠,小树,2222-2-22
义务捐赠,小树,2222-2-22
义务捐赠,小树,2222-2-22
义务捐赠,小树,2222-2-22
义务捐赠,小树,2222-2-22
义务捐赠,小树,2222-2-22
义务捐赠,小树,2222-2-22
义务捐赠,小树,2222-2-22
义务捐赠,小树,2222-2-22
义务捐赠,小树,2222-2-22
义务捐赠,小树,2222-2-22
义务捐赠,小树,2222-2-22
义务捐赠,小树,2222-2-22
义务捐赠,小树,2222-2-22
义务捐赠,小树,2222-2-22
义务捐赠,小树,2222-2-22
义务捐赠,小树,2222-2-22
义务捐赠,小树,2222-2-22
义务捐赠,小树,2222-2-22
义务捐赠,小树,2222-2-22
义务捐赠,小树,2222-2-22
义务捐赠,小树,2222-2-22
义务捐赠,小树,2222-2-22
义务捐赠,小树,2222-2-22
义务捐赠,小树,2222-2-22
义务捐赠,小树,2222-2-22
义务捐赠,小树,2222-2-22
义务捐赠,小树,2222-2-22
义务捐赠,小树,2222-2-22
义务捐赠,小树,2222-2-22
义务捐赠,小树,2222-2-22
义务捐赠,小树,2222-2-22
义务捐赠,小树,2222-2-22
义务捐赠,小树,2222-2-22
义务捐赠,小树,2222-2-22
义务捐赠,小树,2222-2-22
义务捐赠,小树,2222-2-22
义务捐赠,小树,2222-2-22
义务捐赠,小树,2222-2-22
义务捐赠,小树,2222-2-22
义务捐赠,小树,2222-2-22
义务捐赠,小树,2222-2-22
义务捐赠,小树,2222-2-22
义务捐赠,小树,2222-2-22
义务捐赠,小树,2222-2-22
义务捐赠,小树,2222-2-22
义务捐赠,小树,2222-2-22
义务捐赠,小树,2222-2-22
义务捐赠,小树,2222-2-22
义务捐赠,小树,2222-2-22
义务捐赠,小树,2222-2-22
义务捐赠,小树,2222-2-22
义务捐赠,小树,2222-2-22
义务捐赠,小树,2222-2-22
义务捐赠,小树,2222-2-22
义务捐赠,小树,2222-2-22
义务捐赠,小树,2222-2-22
义务捐赠,小树,2222-2-22
义务捐赠,小树,2222-2-22
义务捐赠,小树,2222-2-22
义务捐赠,小树,2222-2-22
义务捐赠,小树,2222-2-22
义务捐赠,小树,2222-2-22
义务捐赠,小树,2222-2-22
义务捐赠,小树,2222-2-22
义务捐赠,小树,2222-2-22
义务捐赠,小树,2222-2-22
义务捐赠,小树,2222-2-22
义务捐赠,小树,2222-2-22
义务捐赠,小树,2222-2-22
义务捐赠,小树,2222-2-22
义务捐赠,小树,2222-2-22
义务捐赠,小树,2222-2-22
义务捐赠,小树,2222-2-22
义务捐赠,小树,2222-2-22
义务捐赠,小树,2222-2-22
义务捐赠,小树,2222-2-22
义务捐赠,小树,2222-2-22
义务捐赠,小树,2222-2-22
义务捐赠,小树,2222-2-22
义务捐赠,小树,2222-2-22
义务捐赠,小树,2222-2-22
义务捐赠,小树,2222-2-22
义务捐赠,小树,2222-2-22
义务捐赠,小树,2222-2-22
义务捐赠,小树,2222-2-22
义务捐赠,小树,2222-2-22
义务捐赠,小树,2222-2-22
义务捐赠,小树,2222-2-22
义务捐赠,小树,2222-2-22
义务捐赠,小树,2222-2-22
义务捐赠,小树,2222-2-22
义务捐赠,小树,2222-2-22
义务捐赠,小树,2222-2-22
义务捐赠,小树,2222-2-22
义务捐赠,小树,2222-2-22
义务捐赠,小树,2222-2-22
义务捐赠,小树,2222-2-22
义务捐赠,小树,2222-2-22
义务捐赠,小树,2222-2-22
义务捐赠,小树,2222-2-22
义务捐赠,小树,2222-2-22
义务捐赠,小树,2222-2-22
义务捐赠,小树,2222-2-22
义务捐赠,小树,2222-2-22
义务捐赠,小树,2222-2-22
义务捐赠,小树,2222-2-22
义务捐赠,小树,2222-2-22
义务捐赠,小树,2222-2-22
义务捐赠,小树,2222-2-22
义务捐赠,小树,2222-2-22
义务捐赠,小树,2222-2-22
义务捐赠,小树,2222-2-22
义务捐赠,小树,2222-2-22
义务捐赠,小树,2222-2-22
义务捐赠,小树,2222-2-22
义务捐赠,小树,2222-2-22
义务捐赠,小树,2222-2-22
义务捐赠,小树,2222-2-22
义务捐赠,小树,2222-2-22
义务捐赠,小树,2222-2-22
义务捐赠,小树,2222-2-22
义务捐赠,小树,2222-2-22
义务捐赠,小树,2222-2-22
义务捐赠,小树,2222-2-22
义务捐赠,小树,2222-2-22
义务捐赠,小树,2222-2-22
义务捐赠,小树,2222-2-22
义务捐赠,小树,2222-2-22
义务捐赠,小树,2222-2-22
义务捐赠,小树,2222-2-22
义务捐赠,小树,2222-2-22
义务捐赠,小树,2222-2-22
义务捐赠,小树,2222-2-22
义务捐赠,小树,2222-2-22
义务捐赠,小树,2222-2-22
义务捐赠,小树,2222-2-22
义务捐赠,小树,2222-2-22
义务捐赠,小树,2222-2-22
义务捐赠,小树,2222-2-22
义务捐赠,小树,2222-2-22
义务捐赠,小树,2222-2-22
义务捐赠,小树,2222-2-22
义务捐赠,小树,2222-2-22
义务捐赠,小树,2222-2-22
义务捐赠,小树,2222-2-22
义务捐赠,小树,2222-2-22
义务捐赠,小树,2222-2-22
义务捐赠,小树,2222-2-22
义务捐赠,小树,2222-2-22
义务捐赠,小树,2222-2-22
义务捐赠,小树,2222-2-22
义务捐赠,小树,2222-2-22
义务捐赠,小树,2222-2-22
义务捐赠,小树,2222-2-22
义务捐赠,小树,2222-2-22
义务捐赠,小树,2222-2-22
义务捐赠,小树,2222-2-22
义务捐赠,小树,2222-2-22
义务捐赠,小树,2222-2-22
义务捐赠,小树,2222-2-22
义务捐赠,小树,2222-2-22
义务捐赠,小树,2222-2-22
义务捐赠,小树,2222-2-22
义务捐赠,小树,2222-2-22
义务捐赠,小树,2222-2-22
义务捐赠,小树,2222-2-22
义务捐赠,小树,2222-2-22
义务捐赠,小树,2222-2-22
义务捐赠,小树,2222-2-22
义务捐赠,小树,2222-2-22
义务捐赠,小树,2222-2-22
义务捐赠,小树,2222-2-22
义务捐赠,小树,2222-2-22
义务捐赠,小树,2222-2-22
义务捐赠,小树,2222-2-22
义务捐赠,小树,2222-2-22
义务捐赠,小树,2222-2-22
义务捐赠,小树,2222-2-22
义务捐赠,小树,2222-2-22
义务捐赠,小树,2222-2-22
义务捐赠,小树,2222-2-22
义务捐赠,小树,2222-2-22
义务捐赠,小树,2222-2-22
义务捐赠,小树,2222-2-22
义务捐赠,小树,2222-2-22
义务捐赠,小树,2222-2-22
义务捐赠,小树,2222-2-22
义务捐赠,小树,2222-2-22
义务捐赠,小树,2222-2-22
义务捐赠,小树,2222-2-22
义务捐赠,小树,2222-2-22
义务捐赠,小树,2222-2-22
义务捐赠,小树,2222-2-22
义务捐赠,小树,2222-2-22
义务捐赠,小树,2222-2-22
义务捐赠,小树,2222-2-22
义务捐赠,小树,2222-2-22
义务捐赠,小树,2222-2-22
义务捐赠,小树,2222-2-22
义务捐赠,小树,2222-2-22
义务捐赠,小树,2222-2-22
义务捐赠,小树,2222-2-22
义务捐赠,小树,2222-2-22
义务捐赠,小树,2222-2-22
义务捐赠,小树,2222-2-22
义务捐赠,小树,2222-2-22
义务捐赠,小树,2222-2-22
义务捐赠,小树,2222-2-22
义务捐赠,小树,2222-2-22
义务捐赠,小树,2222-2-22
义务捐赠,小树,2222-2-22
义务捐赠,小树,2222-2-22
义务捐赠,小树,2222-2-22
义务捐赠,小树,2222-2-22
义务捐赠,小树,2222-2-22
义务捐赠,小树,2222-2-22
义务捐赠,小树,2222-2-22
义务捐赠,小树,2222-2-22
义务捐赠,小树,2222-2-22
义务捐赠,小树,2222-2-22
义务捐赠,小树,2222-2-22
义务捐赠,小树,2222-2-22
义务捐赠,小树,2222-2-22
义务捐赠,小树,2222-2-22
义务捐赠,小树,2222-2-22
义务捐赠,小树,2222-2-22
义务捐赠,小树,2222-2-22
义务捐赠,小树,2222-2-22
义务捐赠,小树,2222-2-22
义务捐赠,小树,2222-2-22
义务捐赠,小树,2222-2-22
义务捐赠,小树,2222-2-22
义务捐赠,小树,2222-2-22
义务捐赠,小树,2222-2-22
义务捐赠,小树,2222-2-22
义务捐赠,小树,2222-2-22
义务捐赠,小树,2222-2-22
义务捐赠,小树,2222-2-22
义务捐赠,小树,2222-2-22
义务捐赠,小树,2222-2-22
义务捐赠,小树,2222-2-22
义务捐赠,小树,2222-2-22
义务捐赠,小树,2222-2-22
义务捐赠,小树,2222-2-22
义务捐赠,小树,2222-2-22
义务捐赠,小树,2222-2-22
义务捐赠,小树,2222-2-22
义务捐赠,小树,2222-2-22
义务捐赠,小树,2222-2-22
义务捐赠,小树,2222-2-22
义务捐赠,小树,2222-2-22
义务捐赠,小树,2222-2-22
义务捐赠,小树,2222-2-22
义务捐赠,小树,2222-2-22
义务捐赠,小树,2222-2-22
义务捐赠,小树,2222-2-22
义务捐赠,小树,2222-2-22
义务捐赠,小树,2222-2-22
义务捐赠,小树,2222-2-22
义务捐赠,小树,2222-2-22
义务捐赠,小树,2222-2-22
义务捐赠,小树,2222-2-22
义务捐赠,小树,2222-2-22
义务捐赠,小树,2222-2-22
义务捐赠,小树,2222-2-22
义务捐赠,小树,2222-2-22
义务捐赠,小树,2222-2-22
义务捐赠,小树,2222-2-22
义务捐赠,小树,2222-2-22
义务捐赠,小树,2222-2-22
义务捐赠,小树,2222-2-22
义务捐赠,小树,2222-2-22
义务捐赠,小树,2222-2-22
义务捐赠,小树,2222-2-22
义务捐赠,小树,2222-2-22
义务捐赠,小树,2222-2-22
义务捐赠,小树,2222-2-22
义务捐赠,小树,2222-2-22
义务捐赠,小树,2222-2-22
义务捐赠,小树,2222-2-22
义务捐赠,小树,2222-2-22
义务捐赠,小树,2222-2-22
义务捐赠,小树,2222-2-22
义务捐赠,小树,2222-2-22
义务捐赠,小树,2222-2-22
义务捐赠,小树,2222-2-22
义务捐赠,小树,2222-2-22
义务捐赠,小树,2222-2-22
义务捐赠,小树,2222-2-22
义务捐赠,小树,2222-2-22
义务捐赠,小树,2222-2-22
义务捐赠,小树,2222-2-22
义务捐赠,小树,2222-2-22
义务捐赠,小树,2222-2-22
义务捐赠,小树,2222-2-22
义务捐赠,小树,2222-2-22
义务捐赠,小树,2222-2-22
义务捐赠,小树,2222-2-22
义务捐赠,小树,2222-2-22
义务捐赠,小树,2222-2-22
义务捐赠,小树,2222-2-22
义务捐赠,小树,2222-2-22
义务捐赠,小树,2222-2-22
义务捐赠,小树,2222-2-22
义务捐赠,小树,2222-2-22
义务捐赠,小树,2222-2-22
义务捐赠,小树,2222-2-22
义务捐赠,小树,2222-2-22
义务捐赠,小树,2222-2-22
义务捐赠,小树,2222-2-22
义务捐赠,小树,2222-2-22
义务捐赠,小树,2222-2-22
义务捐赠,小树,2222-2-22
义务捐赠,小树,2222-2-22
义务捐赠,小树,2222-2-22
义务捐赠,小树,2222-2-22
义务捐赠,小树,2222-2-22
义务捐赠,小树,2222-2-22
义务捐赠,小树,2222-2-22
义务捐赠,小树,2222-2-22
义务捐赠,小树,2222-2-22
义务捐赠,小树,2222-2-22
义务捐赠,小树,2222-2-22
义务捐赠,小树,2222-2-22
义务捐赠,小树,2222-2-22
义务捐赠,小树,2222-2-22
义务捐赠,小树,2222-2-22
义务捐赠,小树,2222-2-22
义务捐赠,小树,2222-2-22
义务捐赠,小树,2222-2-22
义务捐赠,小树,2222-2-22
义务捐赠,小树,2222-2-22
义务捐赠,小树,2222-2-22
义务捐赠,小树,2222-2-22
义务捐赠,小树,2222-2-22
义务捐赠,小树,2222-2-22
义务捐赠,小树,2222-2-22
义务捐赠,小树,2222-2-22
义务捐赠,小树,2222-2-22
义务捐赠,小树,2222-2-22
义务捐赠,小树,2222-2-22
义务捐赠,小树,2222-2-22
义务捐赠,小树,2222-2-22
义务捐赠,小树,2222-2-22
义务捐赠,小树,2222-2-22
义务捐赠,小树,2222-2-22
义务捐赠,小树,2222-2-22
义务捐赠,小树,2222-2-22
义务捐赠,小树,2222-2-22
义务捐赠,小树,2222-2-22
义务捐赠,小树,2222-2-22
义务捐赠,小树,2222-2-22
义务捐赠,小树,2222-2-22
义务捐赠,小树,2222-2-22
义务捐赠,小树,2222-2-22
义务捐赠,小树,2222-2-22
义务捐赠,小树,2222-2-22
义务捐赠,小树,2222-2-22
义务捐赠,小树,2222-2-22
义务捐赠,小树,2222-2-22
义务捐赠,小树,2222-2-22
义务捐赠,小树,2222-2-22
义务捐赠,小树,2222-2-22
义务捐赠,小树,2222-2-22
义务捐赠,小树,2222-2-22
义务捐赠,小树,2222-2-22
义务捐赠,小树,2222-2-22
义务捐赠,小树,2222-2-22
义务捐赠,小树,2222-2-22
义务捐赠,小树,2222-2-22
义务捐赠,小树,2222-2-22
义务捐赠,小树,2222-2-22
义务捐赠,小树,2222-2-22
义务捐赠,小树,2222-2-22
义务捐赠,小树,2222-2-22
义务捐赠,小树,2222-2-22
义务捐赠,小树,2222-2-22
义务捐赠,小树,2222-2-22
义务捐赠,小树,2222-2-22
义务捐赠,小树,2222-2-22
义务捐赠,小树,2222-2-22
义务捐赠,小树,2222-2-22
义务捐赠,小树,2222-2-22
义务捐赠,小树,2222-2-22
义务捐赠,小树,2222-2-22
义务捐赠,小树,2222-2-22
义务捐赠,小树,2222-2-22
义务捐赠,小树,2222-2-22
义务捐赠,小树,2222-2-22
义务捐赠,小树,2222-2-22
义务捐赠,小树,2222-2-22
义务捐赠,小树,2222-2-22
义务捐赠,小树,2222-2-22
义务捐赠,小树,2222-2-22
义务捐赠,小树,2222-2-22
义务捐赠,小树,2222-2-22
义务捐赠,小树,2222-2-22
义务捐赠,小树,2222-2-22
义务捐赠,小树,2222-2-22
义务捐赠,小树,2222-2-22
义务捐赠,小树,2222-2-22
义务捐赠,小树,2222-2-22
义务捐赠,小树,2222-2-22
义务捐赠,小树,2222-2-22
义务捐赠,小树,2222-2-22
义务捐赠,小树,2222-2-22
义务捐赠,小树,2222-2-22
义务捐赠,小树,2222-2-22
义务捐赠,小树,2222-2-22
义务捐赠,小树,2222-2-22
义务捐赠,小树,2222-2-22
义务捐赠,小树,2222-2-22
义务捐赠,小树,2222-2-22
义务捐赠,小树,2222-2-22
义务捐赠,小树,2222-2-22
义务捐赠,小树,2222-2-22
义务捐赠,小树,2222-2-22
义务捐赠,小树,2222-2-22
义务捐赠,小树,2222-2-22
义务捐赠,小树,2222-2-22
义务捐赠,小树,2222-2-22
义务捐赠,小树,2222-2-22
义务捐赠,小树,2222-2-22
义务捐赠,小树,2222-2-22
义务捐赠,小树,2222-2-22
义务捐赠,小树,2222-2-22
义务捐赠,小树,2222-2-22
义务捐赠,小树,2222-2-22
义务捐赠,小树,2222-2-22
义务捐赠,小树,2222-2-22
义务捐赠,小树,2222-2-22
义务捐赠,小树,2222-2-22
义务捐赠,小树,2222-2-22
义务捐赠,小树,2222-2-22
义务捐赠,小树,2222-2-22
义务捐赠,小树,2222-2-22
义务捐赠,小树,2222-2-22
义务捐赠,小树,2222-2-22
义务捐赠,小树,2222-2-22
义务捐赠,小树,2222-2-22
义务捐赠,小树,2222-2-22
义务捐赠,小树,2222-2-22
义务捐赠,小树,2222-2-22
义务捐赠,小树,2222-2-22
义务捐赠,小树,2222-2-22
义务捐赠,小树,2222-2-22
义务捐赠,小树,2222-2-22
义务捐赠,小树,2222-2-22
义务捐赠,小树,2222-2-22
义务捐赠,小树,2222-2-22
义务捐赠,小树,2222-2-22
义务捐赠,小树,2222-2-22
义务捐赠,小树,2222-2-22
义务捐赠,小树,2222-2-22
义务捐赠,小树,2222-2-22
义务捐赠,小树,2222-2-22
义务捐赠,小树,2222-2-22
义务捐赠,小树,2222-2-22
义务捐赠,小树,2222-2-22
义务捐赠,小树,2222-2-22
义务捐赠,小树,2222-2-22
义务捐赠,小树,2222-2-22
义务捐赠,小树,2222-2-22
义务捐赠,小树,2222-2-22
义务捐赠,小树,2222-2-22
义务捐赠,小树,2222-2-22
义务捐赠,小树,2222-2-22
义务捐赠,小树,2222-2-22
义务捐赠,小树,2222-2-22
义务捐赠,小树,2222-2-22
义务捐赠,小树,2222-2-22
义务捐赠,小树,2222-2-22
义务捐赠,小树,2222-2-22
义务捐赠,小树,2222-2-22
义务捐赠,小树,2222-2-22
义务捐赠,小树,2222-2-22
义务捐赠,小树,2222-2-22
义务捐赠,小树,2222-2-22
义务捐赠,小树,2222-2-22
义务捐赠,小树,2222-2-22
义务捐赠,小树,2222-2-22
义务捐赠,小树,2222-2-22
义务捐赠,小树,2222-2-22
义务捐赠,小树,2222-2-22
义务捐赠,小树,2222-2-22
义务捐赠,小树,2222-2-22
义务捐赠,小树,2222-2-22
义务捐赠,小树,2222-2-22
义务捐赠,小树,2222-2-22
义务捐赠,小树,2222-2-22
义务捐赠,小树,2222-2-22
义务捐赠,小树,2222-2-22
义务捐赠,小树,2222-2-22
义务捐赠,小树,2222-2-22
义务捐赠,小树,2222-2-22
义务捐赠,小树,2222-2-22
义务捐赠,小树,2222-2-22
义务捐赠,小树,2222-2-22
义务捐赠,小树,2222-2-22
义务捐赠,小树,2222-2-22
义务捐赠,小树,2222-2-22
义务捐赠,小树,2222-2-22
义务捐赠,小树,2222-2-22
义务捐赠,小树,2222-2-22
义务捐赠,小树,2222-2-22
义务捐赠,小树,2222-2-22
义务捐赠,小树,2222-2-22
义务捐赠,小树,2222-2-22
义务捐赠,小树,2222-2-22
义务捐赠,小树,2222-2-22
义务捐赠,小树,2222-2-22
义务捐赠,小树,2222-2-22
义务捐赠,小树,2222-2-22
义务捐赠,小树,2222-2-22
义务捐赠,小树,2222-2-22
义务捐赠,小树,2222-2-22
义务捐赠,小树,2222-2-22
义务捐赠,小树,2222-2-22
义务捐赠,小树,2222-2-22
义务捐赠,小树,2222-2-22
义务捐赠,小树,2222-2-22
义务捐赠,小树,2222-2-22
义务捐赠,小树,2222-2-22
义务捐赠,小树,2222-2-22
义务捐赠,小树,2222-2-22
义务捐赠,小树,2222-2-22
义务捐赠,小树,2222-2-22
义务捐赠,小树,2222-2-22
义务捐赠,小树,2222-2-22
义务捐赠,小树,2222-2-22
义务捐赠,小树,2222-2-22
义务捐赠,小树,2222-2-22
义务捐赠,小树,2222-2-22
义务捐赠,小树,2222-2-22
义务捐赠,小树,2222-2-22
义务捐赠,小树,2222-2-22
义务捐赠,小树,2222-2-22
义务捐赠,小树,2222-2-22
义务捐赠,小树,2222-2-22
义务捐赠,小树,2222-2-22
义务捐赠,小树,2222-2-22
义务捐赠,小树,2222-2-22
义务捐赠,小树,2222-2-22
义务捐赠,小树,2222-2-22
义务捐赠,小树,2222-2-22
义务捐赠,小树,2222-2-22
义务捐赠,小树,2222-2-22
义务捐赠,小树,2222-2-22
义务捐赠,小树,2222-2-22
义务捐赠,小树,2222-2-22
义务捐赠,小树,2222-2-22
义务捐赠,小树,2222-2-22
义务捐赠,小树,2222-2-22
义务捐赠,小树,2222-2-22
义务捐赠,小树,2222-2-22
义务捐赠,小树,2222-2-22
义务捐赠,小树,2222-2-22
义务捐赠,小树,2222-2-22
义务捐赠,小树,2222-2-22
义务捐赠,小树,2222-2-22
义务捐赠,小树,2222-2-22
义务捐赠,小树,2222-2-22
义务捐赠,小树,2222-2-22
义务捐赠,小树,2222-2-22
义务捐赠,小树,2222-2-22
义务捐赠,小树,2222-2-22
义务捐赠,小树,2222-2-22
义务捐赠,小树,2222-2-22
义务捐赠,小树,2222-2-22
义务捐赠,小树,2222-2-22
义务捐赠,小树,2222-2-22
义务捐赠,小树,2222-2-22
义务捐赠,小树,2222-2-22
义务捐赠,小树,2222-2-22
义务捐赠,小树,2222-2-22
义务捐赠,小树,2222-2-22
义务捐赠,小树,2222-2-22
义务捐赠,小树,2222-2-22
义务捐赠,小树,2222-2-22
义务捐赠,小树,2222-2-22
义务捐赠,小树,2222-2-22
义务捐赠,小树,2222-2-22
义务捐赠,小树,2222-2-22
义务捐赠,小树,2222-2-22
义务捐赠,小树,2222-2-22
义务捐赠,小树,2222-2-22
义务捐赠,小树,2222-2-22
义务捐赠,小树,2222-2-22
义务捐赠,小树,2222-2-22
义务捐赠,小树,2222-2-22
义务捐赠,小树,2222-2-22
义务捐赠,小树,2222-2-22
义务捐赠,小树,2222-2-22
义务捐赠,小树,2222-2-22
义务捐赠,小树,2222-2-22
义务捐赠,小树,2222-2-22
义务捐赠,小树,2222-2-22
义务捐赠,小树,2222-2-22
义务捐赠,小树,2222-2-22
义务捐赠,小树,2222-2-22
义务捐赠,小树,2222-2-22
义务捐赠,小树,2222-2-22
义务捐赠,小树,2222-2-22
义务捐赠,小树,2222-2-22
义务捐赠,小树,2222-2-22
义务捐赠,小树,2222-2-22
义务捐赠,小树,2222-2-22
义务捐赠,小树,2222-2-22
义务捐赠,小树,2222-2-22
义务捐赠,小树,2222-2-22
义务捐赠,小树,2222-2-22
义务捐赠,小树,2222-2-22
义务捐赠,小树,2222-2-22
义务捐赠,小树,2222-2-22
义务捐赠,小树,2222-2-22
义务捐赠,小树,2222-2-22
义务捐赠,小树,2222-2-22
义务捐赠,小树,2222-2-22
义务捐赠,小树,2222-2-22
义务捐赠,小树,2222-2-22
义务捐赠,小树,2222-2-22
义务捐赠,小树,2222-2-22
义务捐赠,小树,2222-2-22
义务捐赠,小树,2222-2-22
义务捐赠,小树,2222-2-22
义务捐赠,小树,2222-2-22
义务捐赠,小树,2222-2-22
义务捐赠,小树,2222-2-22
义务捐赠,小树,2222-2-22
义务捐赠,小树,2222-2-22
义务捐赠,小树,2222-2-22
义务捐赠,小树,2222-2-22
义务捐赠,小树,2222-2-22
义务捐赠,小树,2222-2-22
义务捐赠,小树,2222-2-22
义务捐赠,小树,2222-2-22
义务捐赠,小树,2222-2-22
义务捐赠,小树,2222-2-22
义务捐赠,小树,2222-2-22
义务捐赠,小树,2222-2-22
义务捐赠,小树,2222-2-22
义务捐赠,小树,2222-2-22
义务捐赠,小树,2222-2-22
义务捐赠,小树,2222-2-22
义务捐赠,小树,2222-2-22
义务捐赠,小树,2222-2-22
义务捐赠,小树,2222-2-22
义务捐赠,小树,2222-2-22
义务捐赠,小树,2222-2-22
义务捐赠,小树,2222-2-22
义务捐赠,小树,2222-2-22
义务捐赠,小树,2222-2-22
义务捐赠,小树,2222-2-22
义务捐赠,小树,2222-2-22
义务捐赠,小树,2222-2-22
义务捐赠,小树,2222-2-22
义务捐赠,小树,2222-2-22
义务捐赠,小树,2222-2-22
义务捐赠,小树,2222-2-22
义务捐赠,小树,2222-2-22
义务捐赠,小树,2222-2-22
义务捐赠,小树,2222-2-22
义务捐赠,小树,2222-2-22
义务捐赠,小树,2222-2-22
义务捐赠,小树,2222-2-22
义务捐赠,小树,2222-2-22
义务捐赠,小树,2222-2-22
义务捐赠,小树,2222-2-22
义务捐赠,小树,2222-2-22
义务捐赠,小树,2222-2-22
义务捐赠,小树,2222-2-22
义务捐赠,小树,2222-2-22
义务捐赠,小树,2222-2-22
义务捐赠,小树,2222-2-22
义务捐赠,小树,2222-2-22
义务捐赠,小树,2222-2-22
义务捐赠,小树,2222-2-22
义务捐赠,小树,2222-2-22
义务捐赠,小树,2222-2-22
义务捐赠,小树,2222-2-22
义务捐赠,小树,2222-2-22
义务捐赠,小树,2222-2-22
义务捐赠,小树,2222-2-22
义务捐赠,小树,2222-2-22
义务捐赠,小树,2222-2-22
义务捐赠,小树,2222-2-22
义务捐赠,小树,2222-2-22
义务捐赠,小树,2222-2-22
义务捐赠,小树,2222-2-22
义务捐赠,小树,2222-2-22
义务捐赠,小树,2222-2-22
义务捐赠,小树,2222-2-22
义务捐赠,小树,2222-2-22
义务捐赠,小树,2222-2-22
义务捐赠,小树,2222-2-22
义务捐赠,小树,2222-2-22
义务捐赠,小树,2222-2-22
义务捐赠,小树,2222-2-22
义务捐赠,小树,2222-2-22
义务捐赠,小树,2222-2-22
义务捐赠,小树,2222-2-22
义务捐赠,小树,2222-2-22
义务捐赠,小树,2222-2-22
义务捐赠,小树,2222-2-22
义务捐赠,小树,2222-2-22
义务捐赠,小树,2222-2-22
义务捐赠,小树,2222-2-22
义务捐赠,小树,2222-2-22
义务捐赠,小树,2222-2-22
义务捐赠,小树,2222-2-22
义务捐赠,小树,2222-2-22
义务捐赠,小树,2222-2-22
义务捐赠,小树,2222-2-22
义务捐赠,小树,2222-2-22
义务捐赠,小树,2222-2-22
义务捐赠,小树,2222-2-22
义务捐赠,小树,2222-2-22
义务捐赠,小树,2222-2-22
义务捐赠,小树,2222-2-22
义务捐赠,小树,2222-2-22
义务捐赠,小树,2222-2-22
义务捐赠,小树,2222-2-22
义务捐赠,小树,2222-2-22
义务捐赠,小树,2222-2-22
义务捐赠,小树,2222-2-22
义务捐赠,小树,2222-2-22
义务捐赠,小树,2222-2-22
义务捐赠,小树,2222-2-22
义务捐赠,小树,2222-2-22
义务捐赠,小树,2222-2-22
义务捐赠,小树,2222-2-22
义务捐赠,小树,2222-2-22
义务捐赠,小树,2222-2-22
义务捐赠,小树,2222-2-22
义务捐赠,小树,2222-2-22
义务捐赠,小树,2222-2-22
义务捐赠,小树,2222-2-22
义务捐赠,小树,2222-2-22
义务捐赠,小树,2222-2-22
义务捐赠,小树,2222-2-22
义务捐赠,小树,2222-2-22
义务捐赠,小树,2222-2-22
义务捐赠,小树,2222-2-22
义务捐赠,小树,2222-2-22
义务捐赠,小树,2222-2-22
义务捐赠,小树,2222-2-22
义务捐赠,小树,2222-2-22
义务捐赠,小树,2222-2-22
义务捐赠,小树,2222-2-22
义务捐赠,小树,2222-2-22
义务捐赠,小树,2222-2-22
义务捐赠,小树,2222-2-22
义务捐赠,小树,2222-2-22
义务捐赠,小树,2222-2-22
义务捐赠,小树,2222-2-22
义务捐赠,小树,2222-2-22
义务捐赠,小树,2222-2-22
义务捐赠,小树,2222-2-22
义务捐赠,小树,2222-2-22
义务捐赠,小树,2222-2-22
义务捐赠,小树,2222-2-22
义务捐赠,小树,2222-2-22
义务捐赠,小树,2222-2-22
义务捐赠,小树,2222-2-22
义务捐赠,小树,2222-2-22
义务捐赠,小树,2222-2-22
义务捐赠,小树,2222-2-22
义务捐赠,小树,2222-2-22
义务捐赠,小树,2222-2-22
义务捐赠,小树,2222-2-22
义务捐赠,小树,2222-2-22
义务捐赠,小树,2222-2-22
义务捐赠,小树,2222-2-22
义务捐赠,小树,2222-2-22
义务捐赠,小树,2222-2-22
义务捐赠,小树,2222-2-22
义务捐赠,小树,2222-2-22
义务捐赠,小树,2222-2-22
义务捐赠,小树,2222-2-22
义务捐赠,小树,2222-2-22
义务捐赠,小树,2222-2-22
义务捐赠,小树,2222-2-22
义务捐赠,小树,2222-2-22
义务捐赠,小树,2222-2-22
义务捐赠,小树,2222-2-22
义务捐赠,小树,2222-2-22
义务捐赠,小树,2222-2-22
义务捐赠,小树,2222-2-22
义务捐赠,小树,2222-2-22
义务捐赠,小树,2222-2-22
义务捐赠,小树,2222-2-22
义务捐赠,小树,2222-2-22
义务捐赠,小树,2222-2-22
义务捐赠,小树,2222-2-22
义务捐赠,小树,2222-2-22
义务捐赠,小树,2222-2-22
义务捐赠,小树,2222-2-22
义务捐赠,小树,2222-2-22
义务捐赠,小树,2222-2-22
义务捐赠,小树,2222-2-22
义务捐赠,小树,2222-2-22
义务捐赠,小树,2222-2-22
义务捐赠,小树,2222-2-22
义务捐赠,小树,2222-2-22
义务捐赠,小树,2222-2-22
义务捐赠,小树,2222-2-22
义务捐赠,小树,2222-2-22
义务捐赠,小树,2222-2-22
义务捐赠,小树,2222-2-22
义务捐赠,小树,2222-2-22
义务捐赠,小树,2222-2-22
义务捐赠,小树,2222-2-22
义务捐赠,小树,2222-2-22
义务捐赠,小树,2222-2-22
义务捐赠,小树,2222-2-22
义务捐赠,小树,2222-2-22
义务捐赠,小树,2222-2-22
义务捐赠,小树,2222-2-22
义务捐赠,小树,2222-2-22
义务捐赠,小树,2222-2-22
义务捐赠,小树,2222-2-22
义务捐赠,小树,2222-2-22
义务捐赠,小树,2222-2-22
义务捐赠,小树,2222-2-22
义务捐赠,小树,2222-2-22
义务捐赠,小树,2222-2-22
义务捐赠,小树,2222-2-22
义务捐赠,小树,2222-2-22
义务捐赠,小树,2222-2-22
义务捐赠,小树,2222-2-22
义务捐赠,小树,2222-2-22
义务捐赠,小树,2222-2-22
义务捐赠,小树,2222-2-22
义务捐赠,小树,2222-2-22
义务捐赠,小树,2222-2-22
义务捐赠,小树,2222-2-22
义务捐赠,小树,2222-2-22
义务捐赠,小树,2222-2-22
义务捐赠,小树,2222-2-22
义务捐赠,小树,2222-2-22
义务捐赠,小树,2222-2-22
义务捐赠,小树,2222-2-22
义务捐赠,小树,2222-2-22
义务捐赠,小树,2222-2-22
义务捐赠,小树,2222-2-22
义务捐赠,小树,2222-2-22
义务捐赠,小树,2222-2-22
义务捐赠,小树,2222-2-22
义务捐赠,小树,2222-2-22
义务捐赠,小树,2222-2-22
义务捐赠,小树,2222-2-22
义务捐赠,小树,2222-2-22
义务捐赠,小树,2222-2-22
义务捐赠,小树,2222-2-22
义务捐赠,小树,2222-2-22
义务捐赠,小树,2222-2-22
义务捐赠,小树,2222-2-22
义务捐赠,小树,2222-2-22
义务捐赠,小树,2222-2-22
义务捐赠,小树,2222-2-22
义务捐赠,小树,2222-2-22
义务捐赠,小树,2222-2-22
义务捐赠,小树,2222-2-22
义务捐赠,小树,2222-2-22
义务捐赠,小树,2222-2-22
义务捐赠,小树,2222-2-22
义务捐赠,小树,2222-2-22
义务捐赠,小树,2222-2-22
义务捐赠,小树,2222-2-22
义务捐赠,小树,2222-2-22
义务捐赠,小树,2222-2-22
义务捐赠,小树,2222-2-22
义务捐赠,小树,2222-2-22
义务捐赠,小树,2222-2-22
义务捐赠,小树,2222-2-22
义务捐赠,小树,2222-2-22
义务捐赠,小树,2222-2-22
义务捐赠,小树,2222-2-22
义务捐赠,小树,2222-2-22
义务捐赠,小树,2222-2-22
义务捐赠,小树,2222-2-22
义务捐赠,小树,2222-2-22
义务捐赠,小树,2222-2-22
义务捐赠,小树,2222-2-22
义务捐赠,小树,2222-2-22
义务捐赠,小树,2222-2-22
义务捐赠,小树,2222-2-22
义务捐赠,小树,2222-2-22
义务捐赠,小树,2222-2-22
义务捐赠,小树,2222-2-22
义务捐赠,小树,2222-2-22
义务捐赠,小树,2222-2-22
义务捐赠,小树,2222-2-22
义务捐赠,小树,2222-2-22
义务捐赠,小树,2222-2-22
义务捐赠,小树,2222-2-22
义务捐赠,小树,2222-2-22
义务捐赠,小树,2222-2-22
义务捐赠,小树,2222-2-22
义务捐赠,小树,2222-2-22
义务捐赠,小树,2222-2-22
义务捐赠,小树,2222-2-22
义务捐赠,小树,2222-2-22
义务捐赠,小树,2222-2-22
义务捐赠,小树,2222-2-22
义务捐赠,小树,2222-2-22
义务捐赠,小树,2222-2-22
义务捐赠,小树,2222-2-22
义务捐赠,小树,2222-2-22
义务捐赠,小树,2222-2-22
义务捐赠,小树,2222-2-22
义务捐赠,小树,2222-2-22
义务捐赠,小树,2222-2-22
义务捐赠,小树,2222-2-22
义务捐赠,小树,2222-2-22
义务捐赠,小树,2222-2-22
义务捐赠,小树,2222-2-22
义务捐赠,小树,2222-2-22
义务捐赠,小树,2222-2-22
义务捐赠,小树,2222-2-22
义务捐赠,小树,2222-2-22
义务捐赠,小树,2222-2-22
义务捐赠,小树,2222-2-22
义务捐赠,小树,2222-2-22
义务捐赠,小树,2222-2-22
义务捐赠,小树,2222-2-22
义务捐赠,小树,2222-2-22
义务捐赠,小树,2222-2-22
义务捐赠,小树,2222-2-22
义务捐赠,小树,2222-2-22
义务捐赠,小树,2222-2-22
义务捐赠,小树,2222-2-22
义务捐赠,小树,2222-2-22
义务捐赠,小树,2222-2-22
义务捐赠,小树,2222-2-22
义务捐赠,小树,2222-2-22